search_name,id,name,shortName,abbreviation,isNationalTeam,countryId,stadium,city,capacity,averageAge,currentMarketValue,currentMarketCurrency,primaryCompetitionId,crestUrl,relativeUrl
Chelsea FC,631,Chelsea FC,Chelsea,CHE,False,189,Fulham Road,London,31,23.66,1183500000.0,EUR,GB1,https://tmssl.akamaized.net/images/wappen/big/631.png,/chelsea-fc/startseite/verein/631
Manchester City,281,Manchester City,Man City,MCI,False,189,"Etihad Stadium, Etihad Campus",Manchester,27,26.3,1207500000.0,EUR,GB1,https://tmssl.akamaized.net/images/wappen/big/281.png,/manchester-city/startseite/verein/281
Arsenal FC,11,Arsenal FC,Arsenal,ARS,False,189,"Highbury House, 75 Drayton Park",London,25,25.88,1306000000.0,EUR,GB1,https://tmssl.akamaized.net/images/wappen/big/11.png,/arsenal-fc/startseite/verein/11
Manchester United,985,Manchester United,Man Utd,MUN,False,189,Sir Matt Busby Way,Manchester,26,25.76,719150000.0,EUR,GB1,https://tmssl.akamaized.net/images/wappen/big/985.png,/manchester-united/startseite/verein/985
Tottenham Hotspur,148,Tottenham Hotspur,Tottenham,TOT,False,189,"Bill Nicholson Way, 748 High Road",London,29,25.46,878500000.0,EUR,GB1,https://tmssl.akamaized.net/images/wappen/big/148.png,/tottenham-hotspur/startseite/verein/148
Liverpool FC,31,Liverpool FC,Liverpool,LIV,False,189,Anfield Road,Liverpool,26,25.94,1042500000.0,EUR,GB1,https://tmssl.akamaized.net/images/wappen/big/31.png,/liverpool-fc/startseite/verein/31
Southampton FC,180,Southampton FC,Southampton,SOU,False,189,Britannia Road,Southampton,28,26.09,183000000.0,EUR,GB2,https://tmssl.akamaized.net/images/wappen/big/180.png,/southampton-fc/startseite/verein/180
Swansea City,2288,Swansea City,Swansea,SWA,False,191,Landore,Swansea,26,25.57,69550000.0,EUR,GB2,https://tmssl.akamaized.net/images/wappen/big/2288.png,/swansea-city/startseite/verein/2288
Stoke City,512,Stoke City,Stoke City,STK,False,189,Stanley Matthews Way,Stoke-on-Trent,26,27.02,66875000.0,EUR,GB2,https://tmssl.akamaized.net/images/wappen/big/512.png,/stoke-city/startseite/verein/512
Crystal Palace,873,Crystal Palace,Crystal Palace,CRY,False,189,Selhurst Park,London,28,25.88,501600000.0,EUR,GB1,https://tmssl.akamaized.net/images/wappen/big/873.png,/crystal-palace/startseite/verein/873
Everton FC,29,Everton FC,Everton,EVE,False,189,Goodison Park,Liverpool,24,26.93,400850000.0,EUR,GB1,https://tmssl.akamaized.net/images/wappen/big/29.png,/everton-fc/startseite/verein/29
West Ham United,379,West Ham United,West Ham,WHU,False,189,"London Stadium, Queen Elizabeth Olympic ",London,25,27.3,371250000.0,EUR,GB1,https://tmssl.akamaized.net/images/wappen/big/379.png,/west-ham-united/startseite/verein/379
West Bromwich Albion,984,West Bromwich Albion,West Brom,WBA,False,189,Halfords Lane,"West Bromwich, West Mids.",22,26.34,80800000.0,EUR,GB2,https://tmssl.akamaized.net/images/wappen/big/984.png,/west-bromwich-albion/startseite/verein/984
Leicester City,1003,Leicester City,Leicester,LEI,False,189,Filbert Way,Leicester,27,26.15,162400000.0,EUR,GB2,https://tmssl.akamaized.net/images/wappen/big/1003.png,/leicester-city/startseite/verein/1003
Newcastle United,762,Newcastle United,Newcastle,NEW,False,189,St. James' Park,Newcastle upon Tyne,28,27.81,712950000.0,EUR,GB1,https://tmssl.akamaized.net/images/wappen/big/762.png,/newcastle-united/startseite/verein/762
Sunderland AFC,289,Sunderland AFC,Sunderland,SUN,False,189,Stadium of Light,Sunderland,34,25.39,364050000.0,EUR,GB1,https://tmssl.akamaized.net/images/wappen/big/289.png,/sunderland-afc/startseite/verein/289
Aston Villa,405,Aston Villa,Aston Villa,AVL,False,189,Villa Park,Birmingham,23,28.02,519500000.0,EUR,GB1,https://tmssl.akamaized.net/images/wappen/big/405.png,/aston-villa/startseite/verein/405
Hull City,3008,Hull City,Hull City,HUL,False,189,KCOM Stadium,Hull,28,26.29,61750000.0,EUR,GB2,https://tmssl.akamaized.net/images/wappen/big/3008.png,/hull-city/startseite/verein/3008
Burnley FC,1132,Burnley FC,Burnley,BUR,False,189,Harry Potts Way,Burnley,30,27.21,252150000.0,EUR,GB1,https://tmssl.akamaized.net/images/wappen/big/1132.png,/burnley-fc/startseite/verein/1132
Watford FC,1010,Watford FC,Watford,WAT,False,189,Vicarage Road,Watford,28,24.85,65050000.0,EUR,GB2,https://tmssl.akamaized.net/images/wappen/big/1010.png,/watford-fc/startseite/verein/1010
AFC Bournemouth,989,AFC Bournemouth,Bournemouth,BOU,False,189,Dean Court,Bournemouth,25,25.17,483850000.0,EUR,GB1,https://tmssl.akamaized.net/images/wappen/big/989.png,/afc-bournemouth/startseite/verein/989
Norwich City,1123,Norwich City,Norwich,NOR,False,189,Carrow Road,Norwich,31,24.7,99000000.0,EUR,GB2,https://tmssl.akamaized.net/images/wappen/big/1123.png,/norwich-city/startseite/verein/1123
Middlesbrough FC,641,Middlesbrough FC,Middlesbrough,MID,False,189,Riverside Stadium,Middlesbrough,28,26.67,122900000.0,EUR,GB2,https://tmssl.akamaized.net/images/wappen/big/641.png,/middlesbrough-fc/startseite/verein/641
Huddersfield Town,1110,Huddersfield Town,Huddersfield,HUD,False,189,Stadium Way,Huddersfield  ,27,26.48,18950000.0,EUR,GB3,https://tmssl.akamaized.net/images/wappen/big/1110.png,/huddersfield-town/startseite/verein/1110
Cardiff City,603,Cardiff City,Cardiff,CAR,False,191,Sloper Road,Cardiff,25,24.59,28875000.0,EUR,GB3,https://tmssl.akamaized.net/images/wappen/big/603.png,/cardiff-city/startseite/verein/603
Fulham FC,931,Fulham FC,Fulham,FUL,False,189,Stevenage Road,London,24,28.22,355950000.0,EUR,GB1,https://tmssl.akamaized.net/images/wappen/big/931.png,/fulham-fc/startseite/verein/931
Sheffield United,350,Sheffield United,Sheff Utd,SHU,False,189,Bramall Lane,Sheffield,35,24.97,129925000.0,EUR,GB2,https://tmssl.akamaized.net/images/wappen/big/350.png,/sheffield-united/startseite/verein/350
Leeds United,399,Leeds United,Leeds,LEE,False,189,Elland Road  ,Leeds,25,27.56,312875000.0,EUR,GB1,https://tmssl.akamaized.net/images/wappen/big/399.png,/leeds-united/startseite/verein/399
Brentford FC,1148,Brentford FC,Brentford,BRE,False,189,"Vantage London, Great West Road",London,30,25.12,455900000.0,EUR,GB1,https://tmssl.akamaized.net/images/wappen/big/1148.png,/brentford-fc/startseite/verein/1148
Nottingham Forest,703,Nottingham Forest,Nott'm Forest,FOR,False,189,The City Ground,West Bridgford,29,26.38,627600000.0,EUR,GB1,https://tmssl.akamaized.net/images/wappen/big/703.png,/nottingham-forest/startseite/verein/703
Luton Town,1031,Luton Town,Luton,LUT,False,189,1 Maple Road,Luton,30,26.22,38150000.0,EUR,GB3,https://tmssl.akamaized.net/images/wappen/big/1031.png,/luton-town/startseite/verein/1031
Ipswich Town,677,Ipswich Town,Ipswich,IPS,False,189,Portman Road,Ipswich,27,27.6,192250000.0,EUR,GB2,https://tmssl.akamaized.net/images/wappen/big/677.png,/ipswich-town/startseite/verein/677
FC Barcelona,131,FC Barcelona,Barcelona,Barça,False,157,Avinguda Arístides Maillol ,Barcelona,24,25.39,1116900000.0,EUR,ES1,https://tmssl.akamaized.net/images/wappen/big/131.png,/fc-barcelona/startseite/verein/131
Real Madrid,418,Real Madrid,Real Madrid,RMCF,False,157,Avenida de Concha Espina 1,Madrid,25,26.1,1377000000.0,EUR,ES1,https://tmssl.akamaized.net/images/wappen/big/418.png,/real-madrid/startseite/verein/418
Atlético de Madrid,13,Atlético de Madrid,Atlético,Atleti,False,157,Paseo Virgen del Puerto 67,Madrid,25,27.92,604000000.0,EUR,ES1,https://tmssl.akamaized.net/images/wappen/big/13.png,/atletico-de-madrid/startseite/verein/13
Valencia CF,1049,Valencia CF,Valencia,VAL,False,157,Calle Pintor Monleón 4,Valencia,23,27.37,156000000.0,EUR,ES1,https://tmssl.akamaized.net/images/wappen/big/1049.png,/valencia-cf/startseite/verein/1049
Sevilla FC,368,Sevilla FC,Sevilla FC,Sevill,False,157,Calle Sevilla Fútbol Club,Sevilla,29,27.61,134400000.0,EUR,ES1,https://tmssl.akamaized.net/images/wappen/big/368.png,/sevilla-fc/startseite/verein/368
Villarreal CF,1050,Villarreal CF,Villarreal,VIL,False,157,Camino Miralcamp,Villarreal,27,26.44,269700000.0,EUR,ES1,https://tmssl.akamaized.net/images/wappen/big/1050.png,/villarreal-cf/startseite/verein/1050
Bilbao Athletic,6688,Bilbao Athletic,Bilbao Athletic,Athlet,False,157,Alameda de Mazarredo 23,Bilbao-Bilbo (Bizkaia),27,21.35,5025000.0,EUR,E3G1,https://tmssl.akamaized.net/images/wappen/big/6688.png,/bilbao-athletic/startseite/verein/6688
Celta de Vigo,940,Celta de Vigo,Celta de Vigo,Celta,False,157,Rúa do Príncipe 1,Vigo,30,26.47,148400000.0,EUR,ES1,https://tmssl.akamaized.net/images/wappen/big/940.png,/celta-de-vigo/startseite/verein/940
Málaga CF,1084,Málaga CF,Málaga CF,Málaga,False,157,Martirícos,Málaga,29,25.91,17400000.0,EUR,ES2,https://tmssl.akamaized.net/images/wappen/big/1084.png,/malaga-cf/startseite/verein/1084
RCD Espanyol Barcelona,714,RCD Espanyol Barcelona,Espanyol,Espany,False,157,"Avenida del Baix Llobregat,Cornellà ",Barcelona,24,26.67,107200000.0,EUR,ES1,https://tmssl.akamaized.net/images/wappen/big/714.png,/rcd-espanyol-barcelona/startseite/verein/714
Rayo Vallecano,367,Rayo Vallecano,Rayo Vallecano,Rayo,False,157,Calle Payaso Fofó,Madrid,25,28.88,94300000.0,EUR,ES1,https://tmssl.akamaized.net/images/wappen/big/367.png,/rayo-vallecano/startseite/verein/367
Real Sociedad,681,Real Sociedad,Real Sociedad,Real,False,157,Paseo de Anoeta 1,Donostia-San Sebastián (Gipuzkoa),26,26.07,250700000.0,EUR,ES1,https://tmssl.akamaized.net/images/wappen/big/681.png,/real-sociedad/startseite/verein/681
Elche CF,1531,Elche CF,Elche CF,Elche,False,157,Avenida Manuel Martínez Valero 3,Elche (Alicante),26,26.25,101100000.0,EUR,ES1,https://tmssl.akamaized.net/images/wappen/big/1531.png,/elche-cf/startseite/verein/1531
Getafe CF,3709,Getafe CF,Getafe,Getafe,False,157,Avenida Teresa de Calcuta,Getafe (Madrid),22,28.37,68600000.0,EUR,ES1,https://tmssl.akamaized.net/images/wappen/big/3709.png,/getafe-cf/startseite/verein/3709
Levante UD,3368,Levante UD,Levante,LEV,False,157,San Vicente de Paul 44,Valencia,24,26.47,85500000.0,EUR,ES1,https://tmssl.akamaized.net/images/wappen/big/3368.png,/levante-ud/startseite/verein/3368
SD Eibar,1533,SD Eibar,SD Eibar,Eibar,False,157,Ipurua Kalea 2,Eibar (Gipuzkoa),24,28.01,16850000.0,EUR,ES2,https://tmssl.akamaized.net/images/wappen/big/1533.png,/sd-eibar/startseite/verein/1533
Deportivo de La Coruña,897,Deportivo de La Coruña,Dep. La Coruña,Depor,False,157,Plaza de Pontevedra 19-1°,La Coruña,23,27.26,50000000.0,EUR,ES2,https://tmssl.akamaized.net/images/wappen/big/897.png,/deportivo-de-la-coruna/startseite/verein/897
Granada CF,16795,Granada CF,Granada CF,GCF,False,157,C/Pintor Manuel Maldonado s/n,Granada,22,25.71,20700000.0,EUR,ES2,https://tmssl.akamaized.net/images/wappen/big/16795.png,/granada-cf/startseite/verein/16795
UD Almería,3302,UD Almería,UD Almería,UDA,False,157,Calle Belladona 5,Almería,26,27.37,43900000.0,EUR,ES2,https://tmssl.akamaized.net/images/wappen/big/3302.png,/ud-almeria/startseite/verein/3302
Córdoba CF,993,Córdoba CF,Córdoba CF,C CF,False,157,Avenida del Arcángel,Córdoba,26,26.54,15000000.0,EUR,ES2,https://tmssl.akamaized.net/images/wappen/big/993.png,/cordoba-cf/startseite/verein/993
Real Betis Balompié,150,Real Betis Balompié,Real Betis,Betis,False,157,Avenida Heliópolis,Sevilla,26,28.81,219800000.0,EUR,ES1,https://tmssl.akamaized.net/images/wappen/big/150.png,/real-betis-balompie/startseite/verein/150
UD Las Palmas,472,UD Las Palmas,UD Las Palmas,Palmas,False,157,Pio XII 29,Las Palmas de Gran Canaria,27,26.81,40400000.0,EUR,ES2,https://tmssl.akamaized.net/images/wappen/big/472.png,/ud-las-palmas/startseite/verein/472
Sporting Gijón,2448,Sporting Gijón,Sporting Gijón,Gijón,False,157,Escuela de Fútbol de Mareo,Leorio - Gijón (Asturias),26,26.64,27100000.0,EUR,ES2,https://tmssl.akamaized.net/images/wappen/big/2448.png,/sporting-gijon/startseite/verein/2448
Deportivo Alavés,1108,Deportivo Alavés,Alavés,Alavés,False,157,Paseo de Cervantes,Vitoria-Gasteiz,23,28.26,69500000.0,EUR,ES1,https://tmssl.akamaized.net/images/wappen/big/1108.png,/deportivo-alaves/startseite/verein/1108
CD Leganés,1244,CD Leganés,CD Leganés,Lega,False,157,Calle Arquitectura,Leganés,24,26.91,24300000.0,EUR,ES2,https://tmssl.akamaized.net/images/wappen/big/1244.png,/cd-leganes/startseite/verein/1244
CA Osasuna,331,CA Osasuna,CA Osasuna,CAO,False,157,Calle Sadar,Pamplona,22,27.89,85000000.0,EUR,ES1,https://tmssl.akamaized.net/images/wappen/big/331.png,/ca-osasuna/startseite/verein/331
Girona FC,12321,Girona FC,Girona,Girona,False,157,Avenida Montilivi 141,Girona,26,27.98,146500000.0,EUR,ES1,https://tmssl.akamaized.net/images/wappen/big/12321.png,/girona-fc/startseite/verein/12321
Real Valladolid CF,366,Real Valladolid CF,Real Valladolid,Vall.,False,157,Avenida Mundial 82,Valladolid,26,24.53,28500000.0,EUR,ES2,https://tmssl.akamaized.net/images/wappen/big/366.png,/real-valladolid-cf/startseite/verein/366
SD Huesca,5358,SD Huesca,SD Huesca,Huesca,False,157,Camino Cocorón,Huesca,28,26.82,11800000.0,EUR,ES2,https://tmssl.akamaized.net/images/wappen/big/5358.png,/sd-huesca/startseite/verein/5358
RCD Mallorca,237,RCD Mallorca,RCD Mallorca,RCDM,False,157,Camí dels Reis,Palma de Mallorca,25,28.23,81700000.0,EUR,ES1,https://tmssl.akamaized.net/images/wappen/big/237.png,/rcd-mallorca/startseite/verein/237
Cádiz CF,2687,Cádiz CF,Cádiz CF,Cádiz,False,157,Plaza de Madrid,Cádiz,26,26.2,21500000.0,EUR,ES2,https://tmssl.akamaized.net/images/wappen/big/2687.png,/cadiz-cf/startseite/verein/2687
Juventus FC,506,Juventus FC,Juventus,Juve,False,75,"Via Druento, 175",Torino,26,26.94,551700000.0,EUR,IT1,https://tmssl.akamaized.net/images/wappen/big/506.png,/juventus-fc/startseite/verein/506
AS Roma,12,AS Roma,Roma,Roma,False,75,Piazzale Dino Viola 1,Roma,28,26.04,402000000.0,EUR,IT1,https://tmssl.akamaized.net/images/wappen/big/12.png,/as-roma/startseite/verein/12
SS Lazio,398,SS Lazio,Lazio,Lazio,False,75,Via di Santa Cornelia 1000,Roma,29,28.11,240850000.0,EUR,IT1,https://tmssl.akamaized.net/images/wappen/big/398.png,/ss-lazio/startseite/verein/398
ACF Fiorentina,430,ACF Fiorentina,Fiorentina,ACF,False,75,"Viale Manfredo Fanti, 4",Firenze,31,25.89,241950000.0,EUR,IT1,https://tmssl.akamaized.net/images/wappen/big/430.png,/acf-fiorentina/startseite/verein/430
SSC Napoli,6195,SSC Napoli,Napoli,Napoli,False,75,Via del Maio di Porto 9,Napoli,28,28.09,466800000.0,EUR,IT1,https://tmssl.akamaized.net/images/wappen/big/6195.png,/ssc-napoli/startseite/verein/6195
Genoa CFC,252,Genoa CFC,Genoa,Genoa,False,75,Via Ronchi 67,Genova,29,26.23,140900000.0,EUR,IT1,https://tmssl.akamaized.net/images/wappen/big/252.png,/genoa-cfc/startseite/verein/252
UC Sampdoria,1038,UC Sampdoria,Sampdoria,Samp,False,75,"Piazza Borgo Pila, 39",Genova,32,27.1,23100000.0,EUR,IT2,https://tmssl.akamaized.net/images/wappen/big/1038.png,/uc-sampdoria/startseite/verein/1038
Inter Milan,46,Inter Milan,Inter,Inter,False,75,Viale della Liberazione 16/18,Milano,25,28.76,670300000.0,EUR,IT1,https://tmssl.akamaized.net/images/wappen/big/46.png,/inter-milan/startseite/verein/46
Torino FC,416,Torino FC,Torino,Torino,False,75,"Via Giovanni Battista Viotti, 9",Torino,30,26.53,138900000.0,EUR,IT1,https://tmssl.akamaized.net/images/wappen/big/416.png,/torino-fc/startseite/verein/416
AC Milan,5,AC Milan,AC Milan,Milan,False,75,Via Aldo Rossi 8,Milano,22,26.71,485500000.0,EUR,IT1,https://tmssl.akamaized.net/images/wappen/big/5.png,/ac-milan/startseite/verein/5
Palermo FC,458,Palermo FC,Palermo,Palerm,False,75,"Viale del Fante, 11",Palermo,24,28.19,35450000.0,EUR,IT2,https://tmssl.akamaized.net/images/wappen/big/458.png,/palermo-fc/startseite/verein/458
US Sassuolo,6574,US Sassuolo,Sassuolo,Sassuo,False,75,Piazza Risorgimento 47,Sassuolo,30,25.74,158700000.0,EUR,IT1,https://tmssl.akamaized.net/images/wappen/big/6574.png,/us-sassuolo/startseite/verein/6574
Hellas Verona,276,Hellas Verona,Hellas Verona,Hellas,False,75,Via Olanda 11,Verona,30,25.85,97800000.0,EUR,IT1,https://tmssl.akamaized.net/images/wappen/big/276.png,/hellas-verona/startseite/verein/276
Chievo Verona,862,Chievo Verona,Chievo Verona,Chievo,False,75,Via Galvani 3,Verona,26,25.59,1700000.0,EUR,IT4B,https://tmssl.akamaized.net/images/wappen/big/862.png,/chievo-verona/startseite/verein/862
FC Empoli,749,FC Empoli,FC Empoli,Empoli,False,75,Via di Pianezzoli,Empoli,33,23.42,36700000.0,EUR,IT2,https://tmssl.akamaized.net/images/wappen/big/749.png,/fc-empoli/startseite/verein/749
Udinese Calcio,410,Udinese Calcio,Udinese,Udine,False,75,Via A. e A. Candolini 2,Udine,30,25.8,158850000.0,EUR,IT1,https://tmssl.akamaized.net/images/wappen/big/410.png,/udinese-calcio/startseite/verein/410
Atalanta BC,800,Atalanta BC,Atalanta,ABC,False,75,Zingonia - Corso Europa,Bergamo,26,26.97,414600000.0,EUR,IT1,https://tmssl.akamaized.net/images/wappen/big/800.png,/atalanta-bc/startseite/verein/800
Cagliari Calcio,1390,Cagliari Calcio,Cagliari,Caglia,False,75,Via Mameli 106,Cagliari,29,25.79,125600000.0,EUR,IT1,https://tmssl.akamaized.net/images/wappen/big/1390.png,/cagliari-calcio/startseite/verein/1390
Parma Calcio 1913,130,Parma Calcio 1913,Parma,Parma,False,75,Viale Partigiani d'Italia 1,Parma,31,24.69,155600000.0,EUR,IT1,https://tmssl.akamaized.net/images/wappen/big/130.png,/parma-calcio-1913/startseite/verein/130
Cesena FC,1429,Cesena FC,Cesena,Cesena,False,75,"Via Spadolini, 110",Cesena,27,25.21,28300000.0,EUR,IT2,https://tmssl.akamaized.net/images/wappen/big/1429.png,/cesena-fc/startseite/verein/1429
Bologna FC 1909,1025,Bologna FC 1909,Bologna,Bolo,False,75,Via Casteldebole 10,Bologna,29,27.11,292050000.0,EUR,IT1,https://tmssl.akamaized.net/images/wappen/big/1025.png,/bologna-fc-1909/startseite/verein/1025
AC Carpi,4102,AC Carpi,Carpi,Carpi,False,75,"Viale dell’Industria, 95",Carpi (MO),27,24.01,3875000.0,EUR,IT3B,https://tmssl.akamaized.net/images/wappen/big/4102.png,/ac-carpi/startseite/verein/4102
Frosinone Calcio,8970,Frosinone Calcio,Frosinone,Frosin,False,75,Viale Olimpia,Frosinone,34,24.2,27100000.0,EUR,IT2,https://tmssl.akamaized.net/images/wappen/big/8970.png,/frosinone-calcio/startseite/verein/8970
FC Crotone,4083,FC Crotone,Crotone,Croton,False,75,"via Ercole Scalfaro, 13",Crotone,27,27.17,5450000.0,EUR,IT3C,https://tmssl.akamaized.net/images/wappen/big/4083.png,/fc-crotone/startseite/verein/4083
Delfino Pescara 1936,2921,Delfino Pescara 1936,Pescara,Pescar,False,75,"Via Paolucci, 13/4",Pescara,31,25.26,18275000.0,EUR,IT2,https://tmssl.akamaized.net/images/wappen/big/2921.png,/delfino-pescara-1936/startseite/verein/2921
SPAL,447,HNK Hajduk Split,Hajduk Split,Hajduk,False,37,8. Mediteranskih igara 2,Split,31,24.74,44100000.0,EUR,KR1,https://tmssl.akamaized.net/images/wappen/big/447.png,/hnk-hajduk-split/startseite/verein/447
Benevento Calcio,4171,Benevento Calcio,Benevento,Benev,False,75,"Via Santa Colomba, 121",Benevento,31,26.33,9650000.0,EUR,IT3C,https://tmssl.akamaized.net/images/wappen/big/4171.png,/benevento-calcio/startseite/verein/4171
US Lecce,1005,US Lecce,Lecce,Lecce,False,75,Colonello Archimede Costadura 3,Lecce,32,25.15,92925000.0,EUR,IT1,https://tmssl.akamaized.net/images/wappen/big/1005.png,/us-lecce/startseite/verein/1005
Spezia Calcio,3522,Spezia Calcio,Spezia Calcio,Spezia,False,75,"Via Melara, 91",La Spezia,29,25.92,33250000.0,EUR,IT2,https://tmssl.akamaized.net/images/wappen/big/3522.png,/spezia-calcio/startseite/verein/3522
US Salernitana 1919,380,US Salernitana 1919,Salernitana,Salern,False,75,Via Salvador Allende,Salerno,26,26.34,7775000.0,EUR,IT3C,https://tmssl.akamaized.net/images/wappen/big/380.png,/us-salernitana-1919/startseite/verein/380
Venezia FC,607,Venezia FC,Venezia,Venezi,False,75,"Viale Ancona, 43",Mestre,29,25.93,51225000.0,EUR,IT2,https://tmssl.akamaized.net/images/wappen/big/607.png,/venezia-fc/startseite/verein/607
AC Monza,2919,AC Monza,Monza,Monza,False,75,"Via Ragazzi del '99, 14",Monza,30,26.13,48025000.0,EUR,IT2,https://tmssl.akamaized.net/images/wappen/big/2919.png,/ac-monza/startseite/verein/2919
US Cremonese,2239,US Cremonese,Cremonese,USC,False,75,Via Persico 19,Cremona,30,27.88,79250000.0,EUR,IT1,https://tmssl.akamaized.net/images/wappen/big/2239.png,/us-cremonese/startseite/verein/2239
Como 1907,1047,Como 1907,Como,Como,False,75,Viale Sinigaglia 32,Como,31,26.73,326200000.0,EUR,IT1,https://tmssl.akamaized.net/images/wappen/big/1047.png,/como-1907/startseite/verein/1047
Bayern Munich,27,Bayern Munich,Bayern Munich,FCB,False,40,Säbener Straße 51-57,München,26,26.53,980650000.0,EUR,L1,https://tmssl.akamaized.net/images/wappen/big/27.png,/bayern-munich/startseite/verein/27
VfL Wolfsburg,82,VfL Wolfsburg,Wolfsburg,WOB,False,40,In den Allerwiesen 1,Wolfsburg,28,26.08,226400000.0,EUR,L1,https://tmssl.akamaized.net/images/wappen/big/82.png,/vfl-wolfsburg/startseite/verein/82
Borussia Mönchengladbach,18,Borussia Mönchengladbach,Mönchengladbach,BMG,False,40,Hennes-Weisweiler-Allee 1,Mönchengladbach,31,25.67,151650000.0,EUR,L1,https://tmssl.akamaized.net/images/wappen/big/18.png,/borussia-moenchengladbach/startseite/verein/18
Bayer 04 Leverkusen,15,Bayer 04 Leverkusen,Leverkusen,B04,False,40,Bismarckstraße 122-124,Leverkusen,26,26.0,430450000.0,EUR,L1,https://tmssl.akamaized.net/images/wappen/big/15.png,/bayer-04-leverkusen/startseite/verein/15
FC Augsburg,167,FC Augsburg,Augsburg,FCA,False,40,Bürgermeister-Ulrich-Straße 90,Augsburg,29,25.61,149375000.0,EUR,L1,https://tmssl.akamaized.net/images/wappen/big/167.png,/fc-augsburg/startseite/verein/167
FC Schalke 04,33,FC Schalke 04,FC Schalke 04,S04,False,40,Ernst-Kuzorra-Weg 1,Gelsenkirchen,33,25.07,38825000.0,EUR,L2,https://tmssl.akamaized.net/images/wappen/big/33.png,/fc-schalke-04/startseite/verein/33
Borussia Dortmund,16,Borussia Dortmund,Dortmund,BVB,False,40,Rheinlanddamm 207-209,Dortmund,28,26.25,511400000.0,EUR,L1,https://tmssl.akamaized.net/images/wappen/big/16.png,/borussia-dortmund/startseite/verein/16
TSG 1899 Hoffenheim,533,TSG 1899 Hoffenheim,Hoffenheim,TSG,False,40,Horrenberger Straße 58,Zuzenhausen,34,25.1,203850000.0,EUR,L1,https://tmssl.akamaized.net/images/wappen/big/533.png,/tsg-1899-hoffenheim/startseite/verein/533
Eintracht Frankfurt,24,Eintracht Frankfurt,Frankfurt,SGE,False,40,Im Herzen von Europa 1,Frankfurt am Main,28,25.84,364400000.0,EUR,L1,https://tmssl.akamaized.net/images/wappen/big/24.png,/eintracht-frankfurt/startseite/verein/24
SV Werder Bremen,86,SV Werder Bremen,Werder Bremen,Werder,False,40,Franz-Böhmert-Straße 1c,Bremen,32,25.22,188800000.0,EUR,L1,https://tmssl.akamaized.net/images/wappen/big/86.png,/sv-werder-bremen/startseite/verein/86
Hannover 96,42,Hannover 96,Hannover 96,H96,False,40,Robert-Enke-Straße 1,Hannover,29,24.45,38875000.0,EUR,L2,https://tmssl.akamaized.net/images/wappen/big/42.png,/hannover-96/startseite/verein/42
VfB Stuttgart,79,VfB Stuttgart,Stuttgart,VfB,False,40,Mercedesstraße 109,Stuttgart,33,24.6,349900000.0,EUR,L1,https://tmssl.akamaized.net/images/wappen/big/79.png,/vfb-stuttgart/startseite/verein/79
Hertha BSC,44,Hertha BSC,Hertha BSC,Hertha,False,40,"Hanns-Braun-Straße, Friesenhaus 2",Berlin,31,25.69,62325000.0,EUR,L2,https://tmssl.akamaized.net/images/wappen/big/44.png,/hertha-bsc/startseite/verein/44
Hamburger SV,41,Hamburger SV,Hamburg,HSV,False,40,Uwe-Seeler-Allee 9,Hamburg,31,25.79,130000000.0,EUR,L1,https://tmssl.akamaized.net/images/wappen/big/41.png,/hamburger-sv/startseite/verein/41
SC Freiburg,60,SC Freiburg,Freiburg,SCF,False,40,Achim-Stocker-Str. 1,Freiburg im Breisgau,27,27.45,182200000.0,EUR,L1,https://tmssl.akamaized.net/images/wappen/big/60.png,/sc-freiburg/startseite/verein/60
SC Paderborn 07,127,SC Paderborn 07,SC Paderborn,SCP,False,40,Paderborner Straße 89,Paderborn,30,23.81,39025000.0,EUR,L2,https://tmssl.akamaized.net/images/wappen/big/127.png,/sc-paderborn-07/startseite/verein/127
SV Darmstadt 98,105,SV Darmstadt 98,Darmstadt 98,D98,False,40,Nieder-Ramstädter-Straße 170,Darmstadt,28,26.7,29050000.0,EUR,L2,https://tmssl.akamaized.net/images/wappen/big/105.png,/sv-darmstadt-98/startseite/verein/105
RB Leipzig,23826,RB Leipzig,Leipzig,RBL,False,40,Arenablick 1,Leipzig,31,24.35,415550000.0,EUR,L1,https://tmssl.akamaized.net/images/wappen/big/23826.png,/rb-leipzig/startseite/verein/23826
Fortuna Düsseldorf,38,Fortuna Düsseldorf,F. Düsseldorf,F95,False,40,Flinger Broich 87,Düsseldorf,28,25.51,29375000.0,EUR,L2,https://tmssl.akamaized.net/images/wappen/big/38.png,/fortuna-duesseldorf/startseite/verein/38
Arminia Bielefeld,10,Arminia Bielefeld,Arm. Bielefeld,DSC,False,40,Melanchtonstraße 31a,Bielefeld,28,25.23,16350000.0,EUR,L2,https://tmssl.akamaized.net/images/wappen/big/10.png,/arminia-bielefeld/startseite/verein/10
VfL Bochum,80,VfL Bochum,VfL Bochum,VfL,False,40,Castroper Straße 145,Bochum,30,25.37,44000000.0,EUR,L2,https://tmssl.akamaized.net/images/wappen/big/80.png,/vfl-bochum/startseite/verein/80
SpVgg Greuther Fürth,65,SpVgg Greuther Fürth,Greuther Fürth,Fürth,False,40,Kronacher Straße 154,Fürth,28,25.17,22525000.0,EUR,L2,https://tmssl.akamaized.net/images/wappen/big/65.png,/spvgg-greuther-fuerth/startseite/verein/65
Holstein Kiel,269,Holstein Kiel,Holstein Kiel,Kiel,False,40,Steenbeker Weg 150,Kiel,31,24.64,33450000.0,EUR,L2,https://tmssl.akamaized.net/images/wappen/big/269.png,/holstein-kiel/startseite/verein/269
Paris Saint-Germain,583,Paris Saint-Germain,PSG,PSG,False,50,24 rue du Commandant-Guilbaud,Paris,24,23.8,1188500000.0,EUR,FR1,https://tmssl.akamaized.net/images/wappen/big/583.png,/paris-saint-germain/startseite/verein/583
Olympique Lyon,1041,Olympique Lyon,Lyon,OL,False,50,10 avenue Simone Veil,Décines-Charpieu,28,25.18,202200000.0,EUR,FR1,https://tmssl.akamaized.net/images/wappen/big/1041.png,/olympique-lyon/startseite/verein/1041
Monaco,27,Bayern Munich,Bayern Munich,FCB,False,40,Säbener Straße 51-57,München,26,26.53,980650000.0,EUR,L1,https://tmssl.akamaized.net/images/wappen/big/27.png,/bayern-munich/startseite/verein/27
Olympique Marseille,244,Olympique Marseille,Marseille,OM,False,50,33 traverse de la Martine,Marseille,28,27.03,397800000.0,EUR,FR1,https://tmssl.akamaized.net/images/wappen/big/244.png,/olympique-marseille/startseite/verein/244
AS Saint-Étienne,618,AS Saint-Étienne,Saint-Étienne,ASSE,False,50,11 rue de Verdun,Saint-Étienne,26,24.94,64950000.0,EUR,FR2,https://tmssl.akamaized.net/images/wappen/big/618.png,/as-saint-etienne/startseite/verein/618
FC Girondins Bordeaux,40,FC Girondins Bordeaux,G. Bordeaux,FCGB,False,50,rue Joliot Curie,Le Haillan,24,26.67,100000.0,EUR,CN2A,https://tmssl.akamaized.net/images/wappen/big/40.png,/fc-girondins-bordeaux/startseite/verein/40
Montpellier HSC,969,Montpellier HSC,Montpellier,MHSC,False,50,Avenue Albert Einstein,Montpellier,24,24.01,22050000.0,EUR,FR2,https://tmssl.akamaized.net/images/wappen/big/969.png,/montpellier-hsc/startseite/verein/969
LOSC Lille,1082,LOSC Lille,Lille,LOSC,False,50,Domaine de Luchin,Camphin-en-Pévèle,28,26.36,236200000.0,EUR,FR1,https://tmssl.akamaized.net/images/wappen/big/1082.png,/losc-lille/startseite/verein/1082
Stade Rennais FC,273,Stade Rennais FC,Stade Rennais,SRFC,False,50,111 route de Lorient,Rennes,22,25.77,188800000.0,EUR,FR1,https://tmssl.akamaized.net/images/wappen/big/273.png,/stade-rennais-fc/startseite/verein/273
EA Guingamp,855,EA Guingamp,Guingamp,EAG,False,50,15 Boulevard Clémenceau,Guingamp,25,25.71,16750000.0,EUR,FR2,https://tmssl.akamaized.net/images/wappen/big/855.png,/ea-guingamp/startseite/verein/855
OGC Nice,417,OGC Nice,Nice,Nice,False,50,"177, Route de Grenoble",Nice,29,25.88,153000000.0,EUR,FR1,https://tmssl.akamaized.net/images/wappen/big/417.png,/ogc-nice/startseite/verein/417
SC Bastia,595,SC Bastia,SC Bastia,SCB,False,50,BP 640,Furiani,26,25.24,11700000.0,EUR,FR2,https://tmssl.akamaized.net/images/wappen/big/595.png,/sc-bastia/startseite/verein/595
SM Caen,1162,SM Caen,SM Caen,SMC,False,50,Boulevard Georges Pompidou,Caen,23,26.8,5425000.0,EUR,FR3,https://tmssl.akamaized.net/images/wappen/big/1162.png,/sm-caen/startseite/verein/1162
FC Nantes,995,FC Nantes,FC Nantes,FCN,False,50,La Jonelière,La Chapelle-sur-Erdre,28,25.89,94550000.0,EUR,FR1,https://tmssl.akamaized.net/images/wappen/big/995.png,/fc-nantes/startseite/verein/995
Stade Reims,1421,Stade Reims,Stade Reims,Reims,False,50,26 rue Robert-Fulton,Reims,25,24.12,59100000.0,EUR,FR2,https://tmssl.akamaized.net/images/wappen/big/1421.png,/stade-reims/startseite/verein/1421
FC Lorient,1158,FC Lorient,FC Lorient,FCL,False,50,"Rue du Tour des Portes, BP 404",Lorient,26,25.52,73050000.0,EUR,FR1,https://tmssl.akamaized.net/images/wappen/big/1158.png,/fc-lorient/startseite/verein/1158
FC Toulouse,415,FC Toulouse,Toulouse,TFC,False,50,"1 bis, allée Gabriel Bienes",Toulouse,24,23.84,103950000.0,EUR,FR1,https://tmssl.akamaized.net/images/wappen/big/415.png,/fc-toulouse/startseite/verein/415
Thonon Évian Grand Genève FC,14171,Thonon Évian Grand Genève FC,Thonon Évian,Thonon,False,50,56 avenue du Général de Gaulle,Thonon-les-Bains,27,24.72,,,C3NO,https://tmssl.akamaized.net/images/wappen/big/14171.png,/thonon-evian-grand-geneve-fc/startseite/verein/14171
FC Metz,347,FC Metz,FC Metz,Metz,False,50,3 allée Saint Symphorien,Metz,28,25.04,51600000.0,EUR,FR1,https://tmssl.akamaized.net/images/wappen/big/347.png,/fc-metz/startseite/verein/347
RC Lens,826,RC Lens,Lens,RCL,False,50,33 rue Arthur-Lamendin,Avion,27,25.44,109150000.0,EUR,FR1,https://tmssl.akamaized.net/images/wappen/big/826.png,/rc-lens/startseite/verein/826
Angers SCO,1420,Angers SCO,Angers SCO,Angers,False,50,BP 20212,Angers,26,25.13,52500000.0,EUR,FR1,https://tmssl.akamaized.net/images/wappen/big/1420.png,/angers-sco/startseite/verein/1420
GFC Ajaccio,3558,GFC Ajaccio,G. Ajaccio,GFC,False,50,Stade Ange Casanova,Ajaccio,26,22.04,,,C3BR,https://tmssl.akamaized.net/images/wappen/big/3558.png,/gfc-ajaccio/startseite/verein/3558
ESTAC Troyes,1095,ESTAC Troyes,Troyes,ESTAC,False,50,29 rue Saint Exupery,Pont-Sainte-Maries,30,24.91,30425000.0,EUR,FR2,https://tmssl.akamaized.net/images/wappen/big/1095.png,/estac-troyes/startseite/verein/1095
Dijon FCO,2969,Dijon FCO,Dijon,DFCO,False,50,9 Rue Ernest Champeaux,Dijon,23,27.22,4650000.0,EUR,FR3,https://tmssl.akamaized.net/images/wappen/big/2969.png,/dijon-fco/startseite/verein/2969
AS Nancy-Lorraine,1159,AS Nancy-Lorraine,AS Nancy,ASNL,False,50,90 boulevard Jean Jaurès,Tomblaine,26,26.98,9800000.0,EUR,FR2,https://tmssl.akamaized.net/images/wappen/big/1159.png,/as-nancy-lorraine/startseite/verein/1159
Amiens SC,1416,Amiens SC,Amiens SC,Amiens,False,50,rue du chapitre,Amiens,27,24.12,17725000.0,EUR,FR2,https://tmssl.akamaized.net/images/wappen/big/1416.png,/amiens-sc/startseite/verein/1416
RC Strasbourg Alsace,667,RC Strasbourg Alsace,R. Strasbourg,RCSA,False,50,12 rue de l’Extenwoerth,Strasbourg,28,22.73,317450000.0,EUR,FR1,https://tmssl.akamaized.net/images/wappen/big/667.png,/rc-strasbourg-alsace/startseite/verein/667
Nîmes Olympique,18015,Nîmes Olympique B,Nîmes B,,False,50,Le Colisée III,Nîmes,16,25.57,25000.0,EUR,,https://tmssl.akamaized.net/images/wappen/big/18015.png,/nimes-olympique-b/startseite/verein/18015
Stade Brestois 29,3911,Stade Brestois 29,Stade Brestois,SB29,False,50,chemin de Pen Helen,Brest,25,25.03,83400000.0,EUR,FR1,https://tmssl.akamaized.net/images/wappen/big/3911.png,/stade-brestois-29/startseite/verein/3911
Clermont Foot 63,3524,Clermont Foot 63,Clermont Foot,CF63,False,50,Rue Adrien Mabrut,Clermont-Ferrand,25,26.16,10800000.0,EUR,FR2,https://tmssl.akamaized.net/images/wappen/big/3524.png,/clermont-foot-63/startseite/verein/3524
AJ Auxerre,290,AJ Auxerre,AJ Auxerre,AJA,False,50,Route de Vaux,Auxerre,28,23.52,71100000.0,EUR,FR1,https://tmssl.akamaized.net/images/wappen/big/290.png,/aj-auxerre/startseite/verein/290
AC Ajaccio,1147,AC Ajaccio,AC Ajaccio,ACA,False,50,"Stade Francois Coty, Route De Sartene",Ajaccio,29,26.99,100000.0,EUR,,https://tmssl.akamaized.net/images/wappen/big/1147.png,/ac-ajaccio/startseite/verein/1147
Le Havre AC,738,Le Havre AC,Le Havre AC,HAC,False,50,Boulevard de Leningrad ,Le Havre ,26,25.88,50300000.0,EUR,FR1,https://tmssl.akamaized.net/images/wappen/big/738.png,/le-havre-ac/startseite/verein/738
